<?xml version="1.0" encoding="UTF-8"?>
<project-private xmlns="http://www.netbeans.org/ns/project-private/1">
    <editor-bookmarks xmlns="http://www.netbeans.org/ns/editor-bookmarks/2" lastBookmarkId="0"/>
    <open-files xmlns="http://www.netbeans.org/ns/projectui-open-files/2">
        <group>
            <file>file:/C:/Users/PC-Ulises/Documents/NetBeansProjects/Tristone/Tristone/src/FrmTristone/frmStandarPAck.java</file>
            <file>file:/C:/Users/PC-Ulises/Documents/NetBeansProjects/Tristone/Tristone/src/FrmTristone/frmSettings.java</file>
            <file>file:/C:/Users/PC-Ulises/Documents/NetBeansProjects/Tristone/Tristone/src/FrmTristone/frmScanProduct.java</file>
            <file>file:/C:/Users/PC-Ulises/Documents/NetBeansProjects/Tristone/Tristone/src/FrmTristone/frmEmployee.java</file>
        </group>
    </open-files>
</project-private>
